{
    "1920x1080": {
        "scale_factor": 0.35391529873004657,
        "img_offset": [
            4.050350951127257,
            6.472923728589251
        ]
    },
    "800x480": {
        "scale_factor": 0.09895657243612313,
        "img_offset": [
            0.44703757873952554,
            -0.7727676511026118
        ]
    }
}