{
    "1920x1080": {
        "scale_factor": 0.35391529873004657,
        "img_offset": [
            4.050350951127257,
            6.472923728589251
        ]
    },
    "800x480": {
        "scale_factor": 0.19283836486366193,
        "img_offset": [
            -0.34024952596746516,
            0.5147892639695328
        ]
    }
}