{
    "img wh": [
        3072,
        1536
    ],
    "robot": {
        "14": {
            "position": [
                161,
                128,
                104.4,
                0
            ],
            "image_data": {
                "img xywhn": [
                    0.5,
                    0.5,
                    0.5,
                    1.0
                ],
                "overlay_xy": [
                    0,
                    0
                ],
                "img": null
            }
        },
        "15": {
            "position": [
                196,
                142.14,
                118.54,
                0
            ],
            "image_data": {
                "img xywhn": [
                    0.5,
                    0.5,
                    0.5,
                    0.5
                ],
                "overlay_xy": [
                    1024,
                    768
                ],
                "img": null
            }
        },
        "16": {
            "position": [196.0, 96.16999999999999, 72.57, 0],
            "image_data": {
                "img xywhn": [
                    0.5,
                    0.5,
                    0.5,
                    0.5
                ],
                "overlay_xy": [
                    1024,
                    0
                ],
                "img": null
            }
        },
        "17": {
            "position": [281.0, 96.16999999999999, 72.57, 0],
            "image_data": {
                "img xywhn": [
                    0.5,
                    0.5,
                    0.5,
                    0.5
                ],
                "overlay_xy": [
                    2048,
                    0
                ],
                "img": null
            }
        },
        "18": {
            "position": [301.0, 129.41, 105.81, 0],
            "image_data": {
                "img xywhn": [0.5, 0.5, 0.5, 0.5],
                "overlay_xy": [
                    2048,
                    768
                ],
                "img": null
            }
        }
    }
}


